Empresa;(Tudo)
;
Empresas;
Amanda Cox;
barrettsamuel@hotmail.com;
4431-64076;
Supervisor;
Amanda Thompson;
Amanda@luxenergia.com.br;
5151-2525;
Gestor de Clientes;
Amy Durham;
juliaaguilar@hotmail.com;
1449-97613;
Supervisor;
Andrew Cooper;
darindavis@craig.com;
2672-70301;
Especialista;
Angela Anderson;
benjaminhinton@hotmail.com;
6446-73617;
Coordenador;
Angela Perkins;
xstephens@cochran.com;
7298-15428;
Supervisor;
Beth Schneider;
christopherlarson@leonard.net;
1929-18748;
Gerente;
Bonnie Fleming;
rogerrogers@hotmail.com;
7555-63303;
Analista;
Bradley Mcknight;
phelpssusan@mcmillan.com;
5599-59065;
Analista;
Brent Zimmerman;
phillipflores@maynard-logan.com;
2272-14008;
Especialista;
Carrie Clark;
lsmith@murphy.net;
5450-37899;
Especialista;
Casey Shaw;
barnettdavid@fry.org;
6046-83740;
Especialista;
Cody Martin;
vjefferson@cannon.net;
4013-73378;
Assist.;
Craig Cook;
frank72@walker.com;
7988-34034;
Supervisor;
Crystal Smith;
robertbell@moore.com;
2186-32186;
Analista;
Daniel Wood;
Daniel@luxenergia.com.br;
5151-2525;
Gestor de Clientes;
Don Sparks;
charlesirwin@hotmail.com;
8644-83225;
Gerente;
Dr. Chelsea Suarez;
michael79@kelly.com;
5008-97381;
Especialista;
Elizabeth Cummings;
dhenderson@morales.com;
7894-21186;
Especialista;
Evelyn Welch;
michelle40@hotmail.com;
2343-13720;
Analista;
Gail Jordan;
michael19@hotmail.com;
7433-58192;
Tecnico;
Ian Martin;
misty12@hotmail.com;
1443-87809;
Analista;
James Harrison;
anthonymiller@williams-coleman.com;
5356-65110;
Técnico;
Jason Salazar;
kristen10@miller-lee.com;
8042-25629;
Gerente;
Jeffery Nelson;
hwilkinson@hunt.biz;
9161-65450;
DIRETOR;
Jennifer Andrews;
barbarajimenez@donovan-mcintyre.biz;
4191-33825;
DIRETOR;
Jennifer Jones;
casey75@jackson.com;
2205-34608;
DIRETOR;
Jeremy Lam;
Jeremy@luxenergia.com.br;
5151-2525;
Gestor de Clientes;
Kimberly Jones;
michael61@hotmail.com;
6537-68666;
Tecnico;
Kristen Cowan;
bsantos@gmail.com;
4048-83022;
Supervisor;
Kurt White MD;
kristinacastillo@johnson.com;
2363-20424;
Especialista;
Lisa Benton;
christinafarrell@hotmail.com;
8392-17439;
Técnico;
Martin Campbell;
rramirez@yahoo.com;
3434-19665;
Coordenador;
Maurice Lee;
ronald83@davis.com;
1323-91293;
Gerente;
Michelle Garcia;
jesus09@garza.biz;
3509-23179;
Supervisor;
Miranda Cook;
fernandezmichelle@owens.com;
9287-63842;
Assist.;
Miranda Lane;
weaverchristine@yahoo.com;
2964-65654;
Técnico;
Mitchell Daugherty;
eadams@mercer-lee.com;
3823-92661;
Coordenador;
Mr. Christopher Bender;
jfranklin@perkins.com;
6914-71721;
DIRETOR;
Rebecca Campbell;
iwhite@espinoza-garcia.biz;
2881-73029;
Coordenador;
Ricardo Hicks;
chad21@jackson.net;
7227-70367;
DIRETOR;
Richard Skinner;
reyesthomas@hinton.com;
1657-26630;
Tecnico;
Ryan Davis;
betty92@gmail.com;
1241-31035;
Técnico;
Sarah Hughes;
kaitlinjackson@gmail.com;
2863-69690;
Gerente;
Shawn Ayers;
imason@davis-floyd.info;
2849-63538;
Supervisor;
Stacey Myers;
tonya42@guerrero.net;
6749-70908;
DIRETOR;
Todd Simon;
michelleatkins@medina.net;
1375-74652;
Coordenador;
Wendy Powell;
cyoder@gmail.com;
9943-83528;
Assistente;
William Campbell;
astark@jones.com;
5879-97705;
Técnico;
William Valenzuela;
cassandra00@gmail.com;
9399-93154;
Supervisor;
